"","Item","Type","Market","trend_strength","seasonal_strength_week","seasonal_peak_week","seasonal_trough_week","spikiness","linearity","curvature","stl_e_acf1","stl_e_acf10","acf1","acf10","diff1_acf1","diff1_acf10","diff2_acf1","diff2_acf10","season_acf1","pacf5","diff1_pacf5","diff2_pacf5","season_pacf","zero_run_mean","nonzero_squared_cv","zero_start_prop","zero_end_prop","lambda_guerrero","kpss_stat","kpss_pvalue","pp_stat","pp_pvalue","ndiffs","nsdiffs","bp_stat","bp_pvalue","lb_stat","lb_pvalue","var_tiled_var","var_tiled_mean","shift_level_max","shift_level_index","shift_var_max","shift_var_index","shift_kl_max","shift_kl_index","spectral_entropy","n_crossing_points","longest_flat_spot","coef_hurst","stat_arch_lm","PC1","PC2","PC3","PC4","PC5","PC6","PC7","PC8","PC9","PC10","PC11","PC12","PC13","PC14","PC15","PC16","PC17","PC18","PC19","PC20","PC21","PC22","PC23","PC24","PC25","PC26","PC27","PC28","PC29","PC30","PC31","PC32","PC33","PC34","PC35","PC36","PC37","PC38","PC39","PC40","PC41"
"1","Beans","Retail","Dambulla",0.970825501421724,0.203191198197234,2,4,0.329470549160084,6029.00906275838,1453.65007375595,0.277430843587072,0.273140224365943,0.96807674571102,7.46229158410917,-0.116949887030603,0.0224284856304121,-0.565611370893582,0.334800923874015,0.822871447091906,0.948974218510593,0.0207145194477186,0.59673441870436,0.0316705108492948,0,0.321999363196605,0,0,0.0786208572308671,19.8222116860493,0.01,-6.11782852271104,0.01,1,0,3223.87369441735,0,3226.68602971344,0,0.0203280515540699,0.957153824321058,425,3433,39732.1428571429,3429,28.4856202228959,3210,0.597413122457058,159,107,0.999859983208964,0.876859239886592,-5.60454789653748,-1.54854589905059,1.64415401049046,-1.65930975874871,-1.72886725694354,0.760923722221651,0.717116643597627,-1.06156234231455,-0.738546414246874,-2.0468378810424,0.642380408721123,0.0943899215678542,0.557255775232883,-0.649690367903276,-0.29326315359088,-0.337377397724365,-0.308818044613436,0.848279857762048,-0.364644362049445,0.0494203909669231,0.0920692153131591,-0.232892608747929,0.0383760504935473,0.120478486832757,-0.336712253326833,0.09538555473863,-0.0399525130073417,-0.117602466521972,0.00165192032280739,-0.0268840592700022,-0.0170183356097682,0.0369309680467519,0.040941605646486,0.0449639457778093,-0.00932985135072178,0.0356175353492152,-0.0245531494826328,-0.00968625830423025,0.00149476751547804,0.00571246322328561,2.22332183698987e-08
"2","Beans","Retail","Pettah",0.983079486208525,0.27095159994863,1,4,0.205433246869403,7313.59138609843,1314.62042533928,0.394650180013124,0.41915320519421,0.981219908366058,7.99746263646864,0.0816076462080962,0.0240671504424143,-0.451258885145576,0.208731487265377,0.864732546875196,0.979270070736975,0.0174379461751818,0.438595693723591,-0.0123951916335834,0,0.346680401287157,0,0,0.0923564596839398,19.9814671918585,0.01,-4.926097267505,0.01,1,0,3312.0062294942,0,3314.8954469087,0,0.0106652961322294,0.97955468853137,442.857142857143,3211,56963.4775095238,2719,54.8511551348303,3210,0.550015966717247,113,163,0.999913464864144,0.900831685190483,-1.51749755397699,0.413662163959831,3.40078344465969,-2.47111816416525,-0.722002784799501,0.84129817050593,1.03244409569132,-1.92312901109562,0.106525950611013,-0.290652860431606,0.427109947047305,-0.183509839102913,-0.60942696801378,0.715274084155403,-0.196071550710693,-0.0849837110457082,0.212009098781783,-0.54365904928831,0.0788740328626822,-0.526984479443115,-0.52281417272631,0.342630570030075,0.00095954878129777,0.102435981774827,0.081736138589812,0.205594488933989,0.124511851400893,-0.0238995550953398,-0.115332699137892,0.132230017131809,0.0528357927870139,-0.00849484069713536,-0.0263356967450936,0.0362801878167564,0.0834823152010447,-0.0253045025140192,-0.000282980146588177,0.0152831209310051,-0.0189935528788629,0.000842683391735842,-7.33019111401658e-10
"3","Beans","Wholesale","Dambulla",0.968667944411971,0.199920576222124,2,4,0.329027258368734,5665.5424787532,1547.16648976062,0.275488770523349,0.272508919805224,0.965854678736464,7.33320157651641,-0.119934162715901,0.0232323992340892,-0.565886492507059,0.334198647760965,0.812618165824299,0.944895178908777,0.0217016296851447,0.597058249912234,0.0272587691905239,0,0.372269034673626,0,0,0.144241894548751,18.5200134508092,0.01,-6.34658871996132,0.01,1,0,3209.09089590369,0,3211.89033547557,0,0.0223466419357098,0.953689464695627,425,3433,39732.1428571429,3429,30.8345916505197,3210,0.604419130657376,195,108,0.999859983208964,0.87617480705448,-6.24499896684696,-1.47352120684196,1.67812850781817,-1.73371003948337,-1.89342717003915,0.835037256918174,0.341281307449255,-0.887043589559872,-0.601834442759196,-2.08216160959387,0.783145112188446,-0.032478544169836,0.871868302662323,-0.798191485161539,-0.00418206605289562,-0.342652211293203,-0.0601989057874675,0.748726456548193,-0.10666410927341,0.33798437097698,0.179360053050144,-0.278372643896117,0.0712384229929959,-0.0781008805613706,-0.357071522263373,0.232509202641522,0.0846595065332916,-0.0933098984421964,0.00917437766624197,-0.0709892850368272,-0.00331599642254705,-0.00299514138807513,0.0574409217203311,0.0252102784639682,-0.0189472065801425,0.0141855444637499,-0.0064912514998322,0.0204230280192342,-0.00145555362369691,-0.0118721693774895,2.93831037722801e-09
"4","Beans","Wholesale","Pettah",0.981527738079566,0.276831215742675,1,4,0.177398613868329,6665.48063862207,1392.77668279188,0.383069399668668,0.391710514265861,0.979536024058444,7.87185232546375,0.0693514331534179,0.0224977782646278,-0.45695982093466,0.212181940547503,0.85595728329568,0.973842726902539,0.0153254004800587,0.449303114963384,-0.012416006563967,0,0.405449103294073,0,0,0.0689230553511511,19.1703103043527,0.01,-5.25095229190719,0.01,1,0,3300.6484291531,0,3303.52773862895,0,0.0118372279344053,0.975222430551523,442.857142857143,3211,47774.4894142857,2719,62.4881908191369,3210,0.5627676735805,143,91,0.999913464864144,0.894079052318837,-2.32027078615096,0.291866931922056,3.35898481319762,-2.63175937152497,-0.764570636135394,0.924089711338603,0.734574097360541,-1.51561317530584,0.078618537752395,-0.345801311193113,0.51449252577345,-0.438412978718791,-0.609347869680461,0.708036792920045,0.178597816936393,0.134867148123991,0.27447926140326,-0.67295213229001,0.232355585597129,-0.459697165724519,-0.495159667892764,0.230964553087041,-0.170762125193751,-0.163706175906297,0.136539095157438,0.16065137339216,0.194907347732768,0.0307733799463565,-0.0437472141459626,0.117532729027642,0.012542059177656,0.0576526615547107,0.00286202810588865,0.0401301552445012,-0.0490807647595017,-0.00991160272357881,0.00422181256299986,-0.000675256338431172,0.0155825544982242,0.00236364321540493,-4.91345276313121e-08
"5","Big Onion (Imp)","Retail","Dambulla",0.981199576986568,0.214515585077918,1,3,0.0300533095453958,2619.95768974628,33.3204167885415,0.296613486024279,0.344094091631932,0.981118753381942,8.82943512979241,-0.0934814966445962,0.0330304727157775,-0.513398526982952,0.265759980824812,0.928232722758244,0.995644971016607,0.050170671415337,0.597671626725548,0.057792244936278,0,0.291191131650627,0,0,-0.432841464126478,13.5312889366401,0.01,-4.26463692780183,0.01,1,0,3311.32338833781,0,3314.21201007814,0,0.0265209937142795,0.964927544312043,148.225714285714,2688,18303.119047619,2813,56.5478149243252,2832,0.477028901188419,143,265,0.999859983208964,0.919697009951021,-1.74695623973413,-0.984154976567639,0.447775430506357,1.10795990603754,1.54033009372507,-0.96113588027965,0.909370934310655,0.870495239286494,-0.80872684361554,-0.996159208557757,-1.27799891634483,-0.781760659526151,-0.925195976028102,-0.0780178072480164,1.07880384459031,-0.376195525986875,-0.335514144489503,0.613010561275295,-0.0232636913228029,0.205323870628425,0.0115075357190067,0.140399957000621,-0.149834602625586,0.183408248168526,0.0783536529220593,0.294130511952911,-0.346677502314199,-0.0975009302513152,-0.0609575247435957,-0.0502232229959995,0.0228365253561193,0.00199973540927494,-0.0633505193298589,-0.00663474963033179,0.0782297804078107,-0.0390943592816868,0.00821495345916426,0.0176979326048638,-0.00207829196042912,-0.00299962887932638,-5.17233911290363e-08
"6","Big Onion (Imp)","Retail","Pettah",0.993518276685936,0.189209938106477,1,4,0.0099293442964986,2879.52814464401,83.2263868288828,0.48281439562086,0.564823668520663,0.99400288837958,9.13778523284081,0.180713558749395,0.0634833887914518,-0.470502839781455,0.253241613847487,0.942571127388257,1.03832416202294,0.0581835873504246,0.406233231397062,0.0627595097518995,0,0.324653949368525,0,0,-0.11515721501,12.1843569819872,0.01,-3.70059697510559,0.01,1,0,3398.8635928479,0,3401.82857998908,0,0.00854589332707195,0.985482718385731,271.5,2834,22608.9388190476,2774,99.7851562971217,2777,0.465417838128724,65,224,0.999913464864144,0.970563905759525,2.1294380669088,0.918535789259316,2.28686036394985,2.21907273170043,1.99869328322389,0.306072259248197,0.0498939075086155,0.665539242866798,-0.468652586484284,-0.911385192360984,-1.35756498792613,-0.253197815625979,-0.0998873593655057,-0.103382578054054,-0.058949479097927,0.513484708217878,0.128164759309434,0.262613817928488,-1.00031625688364,-0.797653168615793,-0.231997008102392,0.0772077626295367,-0.107861748092346,0.0878134072970517,-0.491620114793216,-0.0805863899921433,0.277695616032364,0.206053963995424,-0.0548060806680335,0.101887962353735,-0.0987323330516492,-0.0947165230026942,0.0624045195437404,-0.0235355775108357,-0.0245922094779862,-0.015608140432542,-0.020402683898562,0.0126464898776281,0.00468409550652064,0.0079601756520869,2.41147039028816e-08
"7","Big Onion (Imp)","Wholesale","Dambulla",0.979339919163724,0.236132325893499,1,3,0.0287296131075247,2419.68753792578,-61.0360970765086,0.28705380287536,0.327500026372649,0.978525505301518,8.73240071636972,-0.10453497890087,0.0383813941027182,-0.509644368474007,0.266623022410603,0.923421521791439,0.995797331593927,0.057297366056717,0.615832336595674,0.0607339657142009,0,0.338766796866872,0,0,-0.361374028668711,12.3633908506988,0.01,-4.53249013696259,0.01,1,0,3293.84184596804,0,3296.7152177441,0,0.0317237077264168,0.960795222766093,148.225714285714,2688,15295.715347619,2813,59.4730756244705,2832,0.48868302366097,147,233,0.999859983208964,0.907710453518342,-2.44155661658323,-0.867776747413706,0.238671600287417,1.00241026370867,1.81710485172303,-1.06532317274595,0.719362861830998,0.73057457489423,-0.628710897885235,-0.924588770666725,-1.10666737556654,-1.06073646895391,-0.887283645006668,-0.0250267753140691,0.993012228424401,-0.0749006414616332,-0.229288382404514,0.202168609940284,-0.0352714365439409,0.236092058961492,-3.63798251193831e-05,-0.185474596641555,-0.0912519701011589,0.250661227543982,0.273714074611461,0.212502224114291,-0.286986025967577,-0.0961756485681843,-0.0737971143640272,-0.10317980190402,-0.0120815607013216,-0.0210476256289471,-0.0210882881805341,-0.00546194601684575,-0.00920187826261253,0.0435113741392841,0.0338076800884017,-0.00051285581101327,0.0134701298182636,0.00956874627544583,3.21814780652915e-08
"8","Big Onion (Imp)","Wholesale","Pettah",0.992810157870709,0.230814406237016,5,1,0.0061412030017376,2393.61426392785,-121.196708898251,0.52129478315939,0.639741025392936,0.993343994889296,9.01746175682747,0.23434040575139,0.0813320274337515,-0.417367872346626,0.196446008555597,0.934446871368245,1.05071154867137,0.0716688128018628,0.356168865831382,0.0372304778933177,0,0.358602788529986,0,0,-0.232659749360862,11.1837489857972,0.01,-3.99137075041226,0.01,1,0,3394.35908510823,0,3397.32014275735,0,0.0131459990162091,0.981017737807253,265.214285714286,2834,14756.9523809524,2774,60.4444272056382,2832,0.486884906765535,79,374,0.999913464864144,0.960727255818924,2.22285456483765,2.11661584589361,1.95718048726335,2.91020746930989,2.22765477190329,-0.0630602492154454,0.397094273316453,-0.362108214597979,-2.26218030549752,0.778627882320302,0.947098077947216,-0.871881917371669,-0.0655705712463742,0.393718725170768,0.627770132853156,1.0844948802103,-0.105388450871827,-0.108637382850293,-0.0563652878944295,0.363238747139422,-0.231139041543611,-0.393714891216573,0.244087835684562,-0.099349794779844,-0.227282072953821,0.0825931835457931,-0.00747028323006595,0.216883518531474,0.123895536853704,0.0633678706614155,-0.0550553908268016,0.132605429135764,0.0340509478915281,0.107282810105233,-0.0833419602774126,0.00719894615223512,0.0528168130317974,-0.00935735400023781,-0.00122409131191451,-0.0057523454968547,-2.30597628746114e-08
"9","Brinjal","Retail","Dambulla",0.979821522410494,0.243243553424963,1,4,0.0393712192881018,4673.52827378464,474.866563921698,0.176060957691762,0.170955925116379,0.97401537731756,8.00650290674924,-0.149019786453195,0.0314652989850766,-0.562291898226904,0.331893076530567,0.868688749541544,0.970293419020968,0.0278992436862002,0.660423434857251,0.00371533253435533,0,0.388428627590841,0,0,0.0684717507414678,20.4013147490182,0.01,-5.34381948685052,0.01,1,0,3263.54848606368,0,3266.39543152986,0,0.0109424521013038,0.967616567382311,275,3127,14048.0928571429,3123,28.2332639220284,2741,0.575170599420204,131,251,0.999859983208964,0.89863497559787,-3.80935946801749,-2.12353371862411,0.273175738374061,-1.10423491128203,-0.778981798765556,0.543057247866943,0.779653138621587,-0.652101062079066,0.0440841825362598,-0.322247491667034,-0.298606854732717,0.567623489760459,-0.680929895632451,-0.531559275306649,-0.325388428766187,-0.0489354755856375,0.225963088404328,-0.135876548421121,0.197086298565961,-0.0143364013404457,0.154577833233527,-0.276615351213467,0.0876460859140383,0.354415440730696,-0.0619178537784395,-0.390386520876251,-0.220630242721432,0.301766397159346,0.236392895748681,0.00312794211188592,0.0616522713985613,0.0386851373085526,-0.0935133502314329,-0.0192268972440775,-0.0186959786722648,-0.0107469327063604,0.0195710744952453,-0.00852503378956026,-0.00490174355106967,0.00612855498060349,-1.21688914278586e-08
"10","Brinjal","Retail","Pettah",0.987898031936926,0.242629655468324,3,5,0.0424086153132135,5893.88349338049,573.658381471289,0.436027502603693,0.42341058999672,0.987946621292205,8.41139421279383,0.148887257498997,0.036450687043894,-0.451228362844339,0.212895850984958,0.892775193792753,1.00654032035663,0.0324861463628496,0.421700162308004,-0.0302932700163844,0,0.388014625050075,0,0,-0.118595638191407,22.3326573537122,0.01,-4.96493038406469,0.01,1,0,3357.57253123803,0,3360.5014982615,0,0.0074049489766938,0.97683380901689,327.142857142857,3129,31436.3857142857,3133,44.4963032362906,2699,0.527114364401704,65,256,0.999913464864144,0.930840237472214,0.127042104132596,0.544029422840557,3.01373044819162,-0.752287103306792,-0.265607012416902,0.930348203520821,0.996995119748876,-0.886773403436245,-0.256205717325438,0.895768367900755,0.681049303457389,0.991749996327395,-0.875342307048605,1.01953497197106,-0.435814101024286,0.329914394148066,-0.601541632526156,0.0109931607385572,-0.377176303176609,0.293914756955325,0.0106817554921966,-0.390975302268786,-0.327210342736972,-0.0331179886562763,0.145958374642066,0.259960478002411,-0.0625933331904266,0.0121024446086274,0.0360537275187118,-0.121127562657593,-0.03792022292905,-0.0734397272279262,-0.0221302323261598,-0.0610134420074512,-0.0419645797120979,0.0133386572424575,0.0161807986549403,-0.00340927390127841,-0.0182571107527757,0.00457206530864639,-1.84245429655242e-09
"11","Brinjal","Wholesale","Dambulla",0.977955026661221,0.242102646108656,1,4,0.0390233416405852,4088.70064646688,684.003012978688,0.17701779192509,0.168764401345787,0.97176630489203,7.83927307232722,-0.148421773091302,0.0316428719057252,-0.562977161048363,0.334139143070983,0.856656634804437,0.965430236563856,0.0274025022493253,0.659806854953598,0.00564613785443984,0,0.458620898017631,0,0,0.184482579744682,17.1535813265984,0.01,-5.67989171380099,0.01,1,0,3248.49434455287,0,3251.3281575897,0,0.0127203148751468,0.963850539890457,275,3127,14048.0928571429,3123,30.3627096432668,2741,0.592199102457363,165,252,0.999859983208964,0.896267593205807,-4.56830742748557,-2.02013678790661,0.30153475496951,-1.22487084861098,-0.900916302969839,0.601196834418243,0.252005684009994,-0.364291340990614,0.081006562216724,-0.442445067679385,-0.108880793655969,0.424750686720736,-0.166527445347221,-0.782001738415899,-0.065342346716072,0.135607802232949,0.601710047829289,-0.355451691115707,0.476511365595724,0.093401156856292,0.21235208766998,-0.380067194245149,0.146221642673792,0.286326573728982,-0.0746023278260964,-0.244361622247731,-0.108208483097537,0.314431569446842,0.196864156757598,0.108213364515907,0.0632755598193473,-0.0487105862295314,-0.0695985545571218,-0.0412420742643806,0.00262005044359428,-0.0361321659302054,0.00666704478949313,-0.00516402644976472,0.00772219207599692,-0.000792667136127043,9.75683563543495e-09
"12","Brinjal","Wholesale","Pettah",0.986484069186777,0.241144046597251,3,5,0.0404422251267234,5165.36511369186,741.65938730522,0.436483522244618,0.416442232586874,0.986668114376995,8.2183382742722,0.158893291526797,0.0393002175385405,-0.444386494081035,0.205446722999332,0.878933381405901,1.00705173550684,0.0354842908170656,0.417977213654452,-0.0392546165974218,0,0.485707948552536,0,0,-0.0773162545283418,20.2860795733093,0.01,-5.3372034545257,0.01,1,0,3348.8880496732,0,3351.80944081859,0,0.0097187604632194,0.973784466761905,327.618571428571,3129,31330.5582047619,3133,53.0006750687027,2699,0.557113899240434,97,286,0.999913464864144,0.928177196486009,-0.61515269809132,0.871265522468904,3.18110169754785,-0.677427522496697,-0.389666677069388,1.10802466938832,0.542319714173965,-0.592495472928057,-0.100937939932165,1.18511679595695,0.902964868067599,1.01802357529256,-0.588624835544074,0.8020733634297,0.0577514907365174,0.498579826739262,-0.322042335591104,-0.22893725478152,-0.111047589365273,0.441818511183461,0.124671923384155,-0.486701900230428,-0.294552964896966,-0.216927037671839,0.169609657930382,0.255727344302456,-0.0580715204962487,-0.0165120070075522,0.0673326332440229,-0.0275507451403948,-0.0871779787796768,-0.114058006371142,0.0103290430911881,-0.0230235354900201,0.00885297644976349,-0.0087085020635416,-0.0163646444150659,0.00798712933657699,0.0171368183489033,0.00449660482896707,-1.1376126244848e-08
"13","Cabbage","Retail","Dambulla",0.983381829359155,0.223999335255496,4,5,0.0255034292232123,3255.87761655017,368.234284029143,0.198247442024102,0.235738894568017,0.98129801307944,8.80931313043079,-0.167912526253891,0.0370624381175178,-0.566513046828135,0.332126285081142,0.924706441065468,0.999818289813318,0.0466009538967484,0.651825122170069,0.0405801623391831,0,0.455611545804673,0,0,0.0298882638885918,14.3472600298923,0.01,-4.25121220745404,0.01,1,0,3312.53351922938,0,3315.4231966233,0,0.0065368444345903,0.97183085392375,183.631428571429,2730,11132.6636904762,2720,56.2570226254829,2787,0.51617905464,216,234,0.999859983208964,0.90839365171392,-2.33077830214776,-2.0071029756064,-0.606312129670979,1.35554233397076,-0.25365437467788,-0.276671039242161,0.119375742532811,1.05433337983473,-0.212175368886962,-0.922886674629012,0.0206355685350402,-0.041518364129994,0.041554649075099,1.44527038899473,-0.11418956639117,0.510107715669085,0.944736309180886,0.0446901441925169,0.609169326547147,0.422273104121831,0.142000056740274,0.477768277972488,0.0372835152225257,-0.321208406631182,-0.327006407808358,-0.0709963243522973,0.050490150846168,0.16295772843355,-0.215020206472956,-0.0521229546699232,-0.0501396559784922,-0.0481250962637797,-0.0739100797376707,-0.0283324926141734,-0.0325624123796372,0.0072949357277316,-0.00692728058719639,0.0169111639744709,-0.00922844089232249,-0.00246079175376077,1.4407475022682e-08
"14","Cabbage","Retail","Pettah",0.990988076859042,0.198770002566263,2,4,0.0109839150419156,3795.999005782,-162.524988130544,0.367428057715204,0.360449237253749,0.99050622678269,8.97317276185838,0.0159157875288273,0.00596955760421967,-0.515062680187755,0.26884373467892,0.931939561508576,0.985001985039694,0.00527447558061299,0.50404583576228,0.0280310046555963,0,0.395324203457921,0,0,0.13977348650826,14.3860368510852,0.01,-3.83403292983793,0.01,1,0,3374.99289341577,0,3377.93705703317,0,0.00416513348478221,0.982359604909819,214.285714285714,2788,12116.4537,2792,49.9037334361573,2787,0.510295766485675,121,175,0.999913464864144,0.965861306911494,1.0380602218872,-1.3347234778756,1.32826411168325,-0.543241348214389,-0.544234385086967,0.179535727623917,-0.208171727062576,1.16756576920671,-1.1010045820396,-0.589624372456647,-0.961398576252016,-0.16168237938257,0.0664540875324327,0.216828608388529,-0.303571047436714,-0.240255165995282,0.682072106026004,0.000631540217231828,0.0103144607932928,-0.231545103624926,-0.0650773057574054,0.171357715358775,-0.0303350879537852,0.0794454264118651,0.0684837550954599,0.0243055883179263,-0.190748741391869,0.0612031950294839,-0.0378690662648245,0.0124789159382321,-0.0131450943342887,-0.033140609921657,0.065842258723663,0.0163836951257677,-0.0202915344597199,-0.0225683902741067,0.0234216685925526,-0.0230779300326266,-0.0143315870629897,-0.00155433328999717,4.51252221136217e-08
"15","Cabbage","Wholesale","Dambulla",0.982062423789356,0.218580334375525,4,5,0.0249142526031771,2732.8778429173,485.090694400313,0.197311064264599,0.235433679747894,0.979953627699782,8.71753740348016,-0.167578504512271,0.0363998347115244,-0.567528720054014,0.332708914227056,0.918480087592847,0.995838482803213,0.0454889038455674,0.651132711798236,0.0380107273247882,0,0.588746992247499,0,0,0.171425411759755,11.1040690509308,0.01,-4.47736840212882,0.01,1,0,3303.46334680035,0,3306.34511186008,0,0.00730526315732138,0.96933541791235,183.631428571429,2730,11132.6636904762,2720,53.5002391632845,2787,0.528904202694495,169,235,0.999859983208964,0.905311378703323,-2.45012646133159,-1.83060470471833,-0.75810879201808,1.13991929485809,-0.392122148677553,-0.144174490096987,-0.0983791050380618,1.17117542788712,-0.191272188278928,-0.709010281922101,0.17597608683472,0.100649061142,0.574842055756698,0.958835373054021,-0.166517353970339,0.855582357743774,0.985691399795221,-0.0411637649154981,0.340030632466291,0.0322514989394264,0.453039503966351,0.0909899977201456,0.0078929341325831,0.446236453520062,0.0893016385275718,-0.0512389393864862,0.201190027813319,-0.00903069232108962,-0.166322663648006,-0.0141404703504331,-0.157697103348101,-0.0048008333940353,-0.0443866292378947,0.00684036590993117,-0.0064170486408212,0.0232311817355026,-0.00387196572500516,0.0218130306602734,0.00133933169245688,0.00175860127408466,-4.64951226261962e-08
"16","Cabbage","Wholesale","Pettah",0.99030278032171,0.199823592460308,2,4,0.00985670309080727,3170.27611169887,98.8405053965919,0.380050813950843,0.384248289512725,0.989991716255757,8.91341094983175,0.0310882047947679,0.00737978932527279,-0.50580676678475,0.258625468870103,0.928045476037098,0.984902658383479,0.0063198137939652,0.495436807266833,0.0165634977167745,0,0.57960217648437,0,0,0.147976694341003,12.0151640977417,0.01,-3.95309498609557,0.01,1,0,3371.48757799726,0,3374.42868376464,0,0.00490703392835889,0.980894220883766,197.142857142857,2722,9595.41984285714,2786,39.2802278577039,2787,0.521125911271362,141,268,0.999913464864144,0.966907152678025,0.779081949350813,-0.952383928269638,1.42425576184722,-0.443941978048792,-0.657738303907348,0.325293149989523,-0.317892865765215,1.47671328235901,-1.03447300960072,-0.278573052233411,-0.84230766386434,0.114747249531659,0.336866152431584,0.101486353876623,0.273094263792665,-0.0191723028286098,0.965380049721191,-0.302135251642066,0.560234565077932,-0.114077169914325,0.241984168732604,0.0535385618175711,0.171379318460289,0.167346037272612,0.348809221364381,0.39093272223275,-0.190387824714242,-0.0245329244085498,0.0236153868348181,0.0716467242653446,0.00693160480688266,0.0174215544354669,0.0864520632449081,-0.0306893487874841,-0.0740459894198038,-0.0233525074184039,-0.0514621990100568,-0.0271117068436766,-0.00363843347400349,-0.00160880188207552,-3.3842886736904e-08
"17","Carrot","Retail","Dambulla",0.976217749379301,0.265624094192809,3,5,1.21811715906245,4162.27371889148,675.057316846277,0.364828393220514,0.409162328284309,0.97602601408261,8.10573239603152,0.0050961622744805,0.036695861564953,-0.478402381888698,0.249764350042272,0.876932016921979,0.964749613495273,0.0303804259909299,0.521812469929886,-0.012798905544713,0,0.488197452193656,0,0,-0.12235286259661,8.29316304769887,0.01,-5.59664363272115,0.01,1,0,3277.036123771,0,3279.89483513224,0,0.136708750882748,0.946821883116271,785.357142857143,2721,199838.037033333,2732,203.069760687188,2740,0.595237790315544,181,597,0.999859983208964,0.909537540868054,-5.17490674298446,3.74138468262286,2.93455006414049,-0.0822729028470018,-2.53679094806905,-4.63515794849456,-0.297694405899394,0.679704322533309,1.08931779920443,1.12223386636293,-0.455970658062974,-1.04162241788869,-0.351323209700981,0.0964183024225843,-0.301998758919326,0.0709000260774942,-0.154541047302693,-0.0400191603814894,-0.239094117449139,0.0537730974660945,-0.0525969752089581,-0.0395096266624076,0.168942439869841,-0.197698768650338,-0.181687341553181,-0.0198692810512144,-0.0344394832584522,0.0395766415964963,-0.0402584361102104,0.024235736031156,0.00584386859306695,-0.0339032054015063,0.00471357358416292,-0.02013895279453,0.0256211336405788,-0.0260787857656338,0.000659082411397099,-0.0109964273325737,-0.00654438860189634,-0.00788926911360112,-2.85940565221928e-08
"18","Carrot","Retail","Pettah",0.985299235587094,0.170958877042913,3,4,0.949609321857797,5046.37476874656,566.59843211451,0.534426821563524,0.902848230568567,0.988429043145768,8.6427690160921,0.204955457112419,0.113180925863236,-0.410127834271287,0.189779367095613,0.910776333332449,1.04410384102535,0.0802738636133166,0.37810919333671,0.0110290539687897,0,0.528301197867772,0,0,-0.0792515892552695,8.95667481949077,0.01,-4.5764440166939,0.01,1,0,3360.85238826916,0,3363.7842164648,0,0.0211498075124933,0.971132264702243,814.285714285714,2722,179838.037033333,2720,135.466447932766,2722,0.574510211381074,117,658,0.999913464864144,0.971466382769697,0.211240588203795,5.57744954579882,3.55246220358645,3.53528913659278,0.0010663839198962,-0.211422582062122,-0.469398189194709,-1.06341564077944,0.621565989973699,-0.233595763640705,0.321855298096563,0.582273255411737,0.903429203117567,-0.185242273440932,-0.434126407399338,-0.539885812997126,0.223335689210663,0.710741027721092,0.600930400740467,-0.00826065357171403,-0.476166234682369,0.456227121706566,-0.386417070629289,0.198218718894005,0.0308909753686133,-0.0997565199824499,-0.14566831575162,0.0624229023875456,0.0236334477042757,0.0258057759312162,-0.0244686550722744,-0.100563184341351,0.0555481940504264,0.0204905798695488,0.0286551874489644,-0.0206705631849553,0.00736362357796515,-0.0255889263724459,0.0168593159823758,0.00549691281149748,3.45027137607453e-08
"19","Carrot","Wholesale","Dambulla",0.975619804601293,0.264079676744438,3,5,1.21215236812621,3832.29759680873,658.821724595835,0.365032770129598,0.41311837236073,0.975514833242924,8.06328139324651,0.00741939292154132,0.0368229937722251,-0.476676181136345,0.251357326650562,0.873859330472561,0.963930734777849,0.0305768826439634,0.520244158169358,-0.0164632922084441,0,0.595287216662178,0,0,-0.0326336548298771,7.20425821010323,0.01,-5.67203631958161,0.01,1,0,3273.60441317677,0,3276.4601308969,0,0.142389367947821,0.945562887193645,785.357142857143,2721,199838.037033333,2732,203.069811320633,2740,0.59925890113256,169,597,0.999859983208964,0.908709812844413,-5.26336576500587,3.90275286223794,2.86744113172095,-0.144762082884843,-2.69307554069614,-4.61763297495078,-0.473767020183845,0.79122864394741,1.20116743341209,1.2848123484927,-0.441700675604931,-1.06744688243606,-0.0947252937086515,-0.101697133190169,-0.293572167426917,0.277842114033547,-0.0339621737141724,-0.183583073969969,-0.339918555470817,-0.00150450407161371,0.227384244630894,-0.275557633064139,0.284788367277178,0.0334479000681404,0.0488188511889871,0.0054113462517317,0.0756616299695406,-0.0769927329834269,0.0435848051177646,0.0235518338151612,0.00317204240114568,0.0310727913358985,0.00662525221854873,0.0145544594393491,-0.0198850802219538,0.0206121470356391,-0.0100282210957159,0.0063943398577682,0.00340109833833173,0.00667554039755112,2.54722137283814e-08
"20","Carrot","Wholesale","Pettah",0.984325503823527,0.168174915913618,3,4,0.945320628169427,4502.37708533345,613.084852826503,0.538691856617015,0.943192098090698,0.987897620474411,8.57943201640992,0.21810012751188,0.126456271365745,-0.401107836786963,0.178195535829794,0.905989900540843,1.05103141590558,0.086796193555869,0.366558896052736,0.00281365313617054,0,0.673252793904008,0,0,-0.0931420416584549,8.06542438105005,0.01,-4.65310553303013,0.01,1,0,3357.23947737417,0,3360.16815385923,0,0.024765221732225,0.969586891080374,798.808571428571,2723,182208.929890476,2720,142.25608258601,2722,0.578180550629301,131,643,0.999913464864144,0.969651325890902,-0.0363287252215595,6.11945612873495,3.64099337238335,3.93929590166911,0.0943821306269286,0.083345585266831,-0.672624558398831,-0.886822422395782,0.915373638675419,-0.0131059723649884,0.384713101468747,0.485561526994523,1.02630624799248,-0.204054203490941,-0.0260379386845533,-0.285426456078542,0.31628827015559,0.61154605058828,0.737424221652021,0.158000400839723,-0.239713346391124,0.306514119681978,-0.355287991713038,0.125166013225369,0.217931056363914,-0.0970294796773838,0.00457956395136345,-0.0555142368028822,0.140180303197737,-0.0230303488402694,0.0724890127815152,0.125985408207688,-0.0257421967927677,-0.0610364856178264,-0.030323281214338,0.029964791296115,0.00269721999912097,0.0349576075581878,-0.00957933464036389,-0.00260798088050525,-2.9694325392674e-08
"21","Green Chilli","Retail","Dambulla",0.973455529115888,0.287206723378128,1,5,10.899114697497,2613.8654698113,-933.033320554042,0.365035702271384,0.421618574835767,0.972014157817297,7.8598680177852,0.0418331087323152,0.0700083647348593,-0.437832855000228,0.212135413079831,0.862883866456306,0.973715517038041,0.0588757683980315,0.474140051307682,0.0210060875658731,0,0.440813797956587,0,0,0.0263017141457433,1.58069359751561,0.01,-3.78137099269403,0.01,1,0,1725.22584099302,0,1728.06182867684,0,0.0139392635915792,0.953891949408789,525,1524,95181.665347619,1503,23.1949878667837,1524,0.580449753357864,98,220,0.999773448073108,0.854839358064464,-3.70286927023892,4.93384944488704,-3.3380298790692,-3.55428990080309,3.05937977446077,-0.396944532736822,0.373129829773251,0.412492290615237,0.205727886617788,-0.123827096476689,-0.132548906170151,0.982067359711736,0.857650655552571,0.0496349778155145,0.172797200365019,0.140477301013153,0.0555263380898263,0.629506470854706,-0.240046794508689,0.00270895889682305,-0.465524868705386,0.0247789681698566,0.295525226642402,-0.178741237602602,0.2900847212726,0.0140347837351895,0.00999001769689684,0.168379203868618,-0.0469792774420006,-0.0349646240451158,-0.0189043318392003,-0.0260378434403924,-0.00559316061910067,0.00903292624226368,0.0308471171793717,-0.0280696318053611,0.00700121045357852,-0.000358348930021403,-0.00431540468020856,-0.00445336505286392,-2.13550195935215e-08
"22","Green Chilli","Retail","Pettah",0.983823009164866,0.286269028771757,1,1,5.05895384915423,3148.10075783851,-1519.71628843499,0.383876513769614,0.373608742147002,0.983185665871967,8.37215223614394,0.104288264173486,0.0669462678010462,-0.396216225715033,0.184851601077535,0.895223569064965,0.992255217825815,0.0408864226917462,0.499832459153978,-0.0177112722117453,0,0.408110912219118,0,0,0.147703518720838,1.88828282761006,0.01,-3.3708849140975,0.0145995661052866,1,0,1765.11030182996,0,1768.01185301106,0,0.00856668882874769,0.966522387969044,542.857142857143,1811,75608.3915380952,1521,33.7226212179899,1810,0.53017067167671,86,147,0.999819270755142,0.912170417262993,-0.528088138389479,4.37087424442287,-2.77363520790946,-2.99588318875705,2.1074091417208,0.2147239184457,0.0900701234276476,-0.487849471949897,-0.619657169933711,1.26348138808748,-0.448035761600942,-1.06554340032083,-0.210081401989886,-0.671824314305629,0.236117195236721,-0.171855595397738,0.265568677517936,-0.72784593009199,0.477400311580766,0.256203948246868,0.100336200262383,0.16871661089208,-0.563063822751664,0.141817295973739,-0.494174564746956,-0.134311248079908,-0.130731191851772,0.0227113498006438,-0.00204868791310851,-0.0128047658450465,-0.016413665408506,-0.00271029218594155,0.0568654194194569,0.0790219070218391,0.0434711481683235,0.0285191414493221,0.0022503454450774,-0.00968111966057471,-0.0024491616542242,-0.00203334130138221,-1.7529992619944e-08
"23","Green Chilli","Wholesale","Dambulla",0.973193474877411,0.289502036899637,1,5,10.8223932413295,2475.91203611582,-855.992954202695,0.363436566490229,0.420390632620045,0.971710922513026,7.84795392179099,0.0415385470919984,0.0719128493835288,-0.437580484228992,0.212550701215036,0.862317765050296,0.974330721243846,0.0604290850854782,0.475373659374225,0.0199500984540574,0,0.50434895923077,0,0,0.0768968450895088,1.45760786827585,0.01,-3.7990260556963,0.01,1,0,1724.14958551622,0,1726.98380401296,0,0.0141909751897273,0.953370981421712,525,1524,95181.665347619,1503,23.194987870496,1524,0.581319592527737,100,156,0.999773448073108,0.853807485660223,-3.78191669138926,4.95820831336779,-3.38715725156953,-3.61064298268924,3.03058932465153,-0.19812623557847,0.243083498819971,0.458051627558274,0.349494725599884,-0.162712322205871,-0.0903928034032536,0.782013471111745,0.940217995254893,0.0744581714775769,0.157743732181664,0.403556025583952,0.123460726525207,0.570274160716795,-0.220992546440379,-0.00622993913004831,-0.320758428117774,-0.0256312543358995,0.288741629918222,-0.162167720775379,0.416688017733944,0.00342003400104589,0.0794056072812761,0.132536498780947,0.000902060357776913,-0.0545830413187012,-0.0341424544337944,0.0389219802604517,-0.0137454047561022,-0.00450324330825349,-0.0121268290371956,0.0153889699175547,-0.0144225246540362,-0.0118234563906619,-5.1972292042842e-05,0.00252094375777643,3.73754358297412e-08
"24","Green Chilli","Wholesale","Pettah",0.982668421267855,0.282488752722344,1,4,4.82261177220331,2866.29948761424,-1468.26598768921,0.390035318348084,0.383446927233071,0.98234138929445,8.28189976445732,0.104295218208183,0.0696126164895498,-0.40662299818856,0.19577732259334,0.889123757486851,0.990467565618278,0.0405959981335897,0.500929426825261,-0.010934638329545,0,0.4860853574125,0,0,0.190847672534767,1.75698659353055,0.01,-3.52971334214324,0.01,1,0,1762.08014895085,0,1764.97671905872,0,0.00918498655115927,0.963479483972019,507.142857142857,1811,75608.3915380952,1521,28.3666902349021,1810,0.539927516103279,86,147,0.999819270755142,0.904912052498285,-1.11691163970258,4.20796358029807,-2.47866304588242,-3.08212180208117,2.33859068774119,0.289599293752178,-0.205261905420731,0.254999894186791,0.0767286486258487,0.996734202232725,-0.541549388976376,-0.0688599389175492,0.32207694776469,0.0723917906139985,-0.286672514461766,-0.114157641368474,0.264176083192869,-0.617722356884443,0.369703631752897,-0.0357667849117299,0.395821008340231,-0.33351054051696,-0.556211397587087,0.107603634537228,-0.46686512906171,-0.0235177889009707,0.0235184857190904,-0.224385470367262,-0.0699112950621938,-0.124532772190168,0.0466917088000986,0.0312558978304382,0.0165909189184259,-0.0855199288934742,-0.0466968214701701,-0.0184981367378727,-0.0160783917645704,0.0196591405537282,0.00542462307481215,0.00196111190173242,4.34652762800317e-09
"25","Lime","Retail","Dambulla",0.990780890662159,0.164093167237998,6,1,9.56014160201298,5454.14242727792,-1457.27766705542,0.117357096044075,0.173230175014874,0.98925350121936,9.20213166567089,-0.209922759714401,0.0531418804205989,-0.593193622364591,0.371206117953672,0.948814896014864,1.02174177984849,0.0492546326038364,0.714319695464286,-0.0459965709079022,0,0.844241984038859,0,0,0.0576159580780867,3.18192104444255,0.01,-2.63782577001513,0.0881749596816705,1,0,1786.96466614611,0,1789.90214230964,0,0.00367524926306313,0.98344992016135,466.071428571429,1713,53888.8333333333,1012,39.2807764203073,1712,0.492642301688938,82,250,0.999859983208964,0.927131609642927,1.30110810131304,2.17788511815559,-7.0708932487584,0.843443927545339,-3.58900282752281,0.897725758104933,1.2317559850336,0.615183236150428,0.230762529247092,0.48083068503991,0.317040418313489,0.17318160356956,-0.144900209476306,0.489223621255683,0.607909714048515,-0.133017583436666,0.254925327330179,0.224459217580157,-0.719545558799032,0.147504727272544,-0.525682763571898,0.177763434872557,-0.0743798121460028,0.0958113486492936,-0.233257816923976,0.0445103163997482,-0.0999057705035911,-0.0364103983469335,0.048099662159847,0.110203078497801,0.0570689474126864,-0.02979278171198,0.0151440333118768,0.00891575867746867,0.00332468191706257,-0.0355233154344838,0.0276799880245404,0.0181045336144829,-0.00328723396043759,0.000528437924481055,-1.13332004950967e-08
"26","Lime","Retail","Pettah",0.993697717367438,0.196968413094838,4,0,5.46968369478576,6906.70797899245,-1820.01879458618,0.452062724206878,0.710224621230755,0.993773431117764,9.10910767782924,0.138894321759485,0.0779928473003078,-0.493684073182957,0.327312821274379,0.939113549666482,1.03468778865204,0.064040868619271,0.43939780514855,0.0117783377641915,0,0.882480759045918,0,0,-0.131469163154377,3.55148650850485,0.01,-2.77603217135402,0.0648066649847894,1,0,1803.33136475432,0,1806.29574507994,0,0.00825212989427789,0.981609500531011,828.571428571429,1762,171362.582014286,1772,51.9274699559393,1775,0.50353277365241,50,264,0.999859983208964,0.967545824935427,2.59261486202077,6.5196733011895,-3.32938422314615,1.28261777934654,-1.63201609664732,0.749282709023506,1.05699694383451,-0.73920522598348,-1.2118678605917,-1.37499256249244,-0.631414654684872,-0.412951310333194,-0.570912059695436,-0.155183224252949,-0.923050874083799,-0.191408282029326,-0.727453430727636,-0.276356834808858,0.184390834385564,-0.330661492580211,0.282875845291517,-0.0126770528327338,0.162510937906658,-0.248763079015773,0.12545834695499,-0.119698503950598,0.00885384620289902,0.142191501934615,-0.101975019817368,0.00603067273957601,0.00333045860897194,-0.150605695843762,-0.0807049303089661,0.0189648845109727,0.0154667895036774,0.08986848308877,-0.00223264975279599,-0.00489947969035109,0.00994364784914562,-0.00617812990598754,-5.45788735740319e-08
"27","Lime","Wholesale","Dambulla",0.99061945935927,0.16199526829062,6,1,9.59498084092039,5405.50053184828,-1417.06239396389,0.116184660265483,0.170317557734052,0.989071535576775,9.1967871630614,-0.213407973944816,0.0551254775622188,-0.594140274394329,0.373332238899061,0.948499543102922,1.02294600953615,0.0513046041183999,0.718370178513157,-0.0479364258955456,0,0.985332122594157,0,0,0.136670222508154,3.14308544039801,0.01,-2.64722273777646,0.0865860961429592,1,0,1786.30732954345,0,1789.24372515366,0,0.00370071796666504,0.983208375379083,466.071428571429,1713,53888.8333333333,1012,40.628045909244,1712,0.492895779649342,86,264,0.999859983208964,0.926922822944899,1.2422890652168,2.30990565847781,-7.15505998979099,0.951570316436605,-3.81660985008682,1.0604019174298,1.1176326853983,0.649301682641132,0.390505642243396,0.451361103446227,0.296105137267411,0.234253909900788,0.00525936151463878,0.468596097815702,0.672008490560017,0.0625815360144145,0.589196872605596,0.00915246616573059,-0.695149272020853,0.213788829069188,-0.242800741441044,0.126518790150211,0.0154472722453524,0.2097889990578,-0.00070457085761679,0.0868483355848944,-0.0248272246151932,-0.114216581746712,0.151780138151607,0.0539647637450423,0.022393014232118,0.0384254603034717,0.00918702233121461,-0.0218971405767108,-0.0347469885060746,0.0277213017483658,-0.015345301718571,-0.00492658000114803,0.00525864107044841,0.00371545774019486,8.62493488825245e-09
"28","Lime","Wholesale","Pettah",0.993507401091899,0.187809055333436,4,0,3.94705390488777,6038.47628515364,-1395.09265503017,0.475486970522582,0.756351627444296,0.99381522329062,9.07493802844909,0.163525100981501,0.0893282326084768,-0.492426651376025,0.314880199083311,0.936579354618641,1.04532365669964,0.0730938306328592,0.419863155969798,0.00252726000904693,0,0.997067264033913,0,0,-0.0822591497464333,3.33281216808725,0.01,-2.82013736727098,0.0573492447360418,1,0,1803.48304262868,0,1806.4476722878,0,0.00790265400795073,0.981596993795907,828.571428571429,1763,173214.285714286,1760,35.1853851293227,1775,0.508586344167698,48,264,0.999859983208964,0.971960524404155,2.66887260719457,6.73771265382342,-3.04081617163031,1.77424118936003,-1.35571775230098,1.2387695105182,0.804780104082171,-0.728399254936007,-0.976713420322615,-1.08210266515063,-0.378076024512988,-0.353933429816683,-0.287545351037223,-0.471050193605776,-0.793645634729531,0.2487284944301,-0.693383513264224,-0.208138381404492,0.619830809013243,-0.39969930184887,0.956370639660558,-0.0884773555262905,0.230945779739169,-0.163586935335016,0.16336550588552,0.182725670607121,0.0680147483777105,-0.178490840339618,-0.0108121150738173,0.0294535525189659,-0.0623584682743439,0.0952803738524142,0.00225044247682196,-0.00620196959075324,-0.00113255244464198,-0.0821319933244002,0.0127425274567343,-0.00577800729928089,-0.010447669482604,0.00388115579372474,5.49073019509647e-08
"29","Potato (Imp)","Retail","Dambulla",0.984561910325981,0.24692778088387,4,3,0.00146706639267178,1926.63446650592,-136.564177983051,0.218278445912009,0.228661370861566,0.982021704879647,8.8632865009956,-0.178309430376252,0.0546124634975814,-0.578321449861544,0.380469353800364,0.929877034461392,1.01156511900188,0.0584067684327966,0.682842870447357,0.0478728086987436,0,0.0761141681132574,0,0,-0.323675162209029,25.7275013096182,0.01,-4.38033816453801,0.01,1,0,3317.42120326027,0,3320.31514440879,0,0.0110716677830527,0.969563092433175,67.4285714285714,2900,2295.28571428571,2911,23.499008667594,2907,0.46711297521583,51,1397,0.999859983208964,0.8230475675466,-1.95034034284368,-2.61882278020905,-1.0836354716208,3.39028511551056,1.55047561647655,-3.56663533420228,3.31443294824302,-1.34173828968872,-1.76552943446305,1.13029300954571,0.329764797005005,3.46933789349891,-0.29487907487412,-0.810921410865125,0.102970144200678,-0.642258437451237,0.441275515114209,-0.768269440632439,-0.199124150028498,-0.299079227770366,0.119542040871517,0.165611163722586,0.223954058513626,-0.0419445004893684,-0.100652966316905,0.00221623364187095,0.036785260612984,-0.108146830765798,-0.0862152424595577,-0.0639643526046267,-0.000357071251325131,0.0221758873889052,0.02484855597318,0.00831456857088342,0.0175968680660447,0.00974983401614539,-0.013201629316602,6.10081475278626e-05,0.000650635078224279,-0.00205039638766843,5.93480738378251e-09
"30","Potato (Imp)","Retail","Pettah",0.996143775475674,0.187937185837988,1,2,0.000699291877840809,3490.62108625433,37.8891900513477,0.362342467001393,0.343742588497563,0.996075404306473,9.58842510690523,0.0135380528065505,0.00488757823364331,-0.493057564723662,0.251540558179479,0.973472723636511,0.993942020347025,0.00379551317460762,0.505988893612383,0.0283802488021935,0,0.274051070998386,0,0,0.123792353072221,27.3986991271879,0.01,-2.40067324980641,0.1,1,0,3413.05176606121,0,3416.02913020723,0,0.000991426113710545,0.993438391685232,111.428571428571,2746,3854.7619047619,2749,32.0327013860396,2745,0.319933022930419,55,349,0.999954177318763,0.972448127114142,4.78498778834066,-2.56249011734659,0.903179678918796,-0.172028080010801,-0.391071924468799,-1.00976433306888,2.47809513857349,-0.0209145483351724,-0.0629518217290116,-0.920980470086611,-1.61980521031277,-0.522817738557188,0.275933759813863,-0.784313764969971,0.7988505205345,-0.102879563361252,0.307141299705826,-0.0916725811299412,-0.0863333875906397,0.286525354157697,-0.127281834398893,-0.303063463353281,-0.6788437706046,-0.440188794875718,0.218451826850262,0.00517664060180434,0.388062350819175,0.0685404156855492,0.216631108879771,0.152180980307799,-0.0101189205169802,0.00820383176530563,-0.00110849249476347,-0.0733014767040637,0.0454079580567928,0.0181731741270293,-0.00477934973896524,-0.00642698593443577,-0.0011441384577325,-0.00740477094737371,2.70326326826979e-08
"31","Potato (Imp)","Wholesale","Dambulla",0.97793938208989,0.235761783763863,4,3,0.00153643092101544,762.281086003585,593.568435540056,0.247013587247809,0.241401059056029,0.975356377657503,8.28452093251718,-0.135734343484884,0.0344640767633661,-0.560441526831506,0.344809589569003,0.889592729141365,0.978844827505395,0.0357399384485821,0.639704872086131,0.0309476521650868,0,0.0689871039463344,0,0,0.0429594795522953,7.0805464158618,0.01,-5.58296833266257,0.01,1,0,3272.54101822385,0,3275.395808295,0,0.0165127538653197,0.953767393919685,68.9285714285714,1333,2295.28571428571,2911,28.1929487575199,2907,0.548962600997661,130,146,0.999859983208964,0.838929207696792,-3.63837549123611,-2.35613867173227,-1.16943037686045,-0.0758997164373618,1.24186112993193,-1.22146596338552,-0.539267104500054,1.16016335849468,-1.13057677245197,-0.182545832571017,1.7874668761713,-0.379506745236755,0.963478264255286,-0.786872911493059,0.386956618088514,0.668977931262023,-1.61872123292868,-0.445127489051407,0.0197604324827523,-0.261278994666697,-0.195847922474567,0.72734688959146,-0.244303887662566,0.220443179453966,-0.0730279547072645,0.105008766371708,0.109788487818756,-0.0817894914525807,-0.0287943642923348,0.19421055068291,0.119824391625867,0.00361676748560701,-0.113572653341277,-0.059898569535405,-0.0446900058594944,0.00533107825522225,0.00020602958889733,-0.0100965451633756,0.000334460294004152,0.00140975240801381,4.85057374751018e-08
"32","Potato (Imp)","Wholesale","Pettah",0.992045204716641,0.193646019176774,2,4,0.000365199827870835,2051.99902344228,-144.66625103744,0.358712861231343,0.300618537106359,0.99175132693678,9.00214064167782,0.0503688124918538,0.00592836489452304,-0.48509766385096,0.237098015805931,0.933627651583716,0.987828296500371,0.00341328838064199,0.485835189559067,-0.00702902784120575,0,0.120888821243773,0,0,0.476239635860528,24.1693713586239,0.01,-4.0388452481601,0.01,1,0,3383.48318901417,0,3386.43475911218,0,0.00394872477917192,0.98129278494168,68.4285714285714,2901,1425.75846190476,2213,18.5155542816044,2215,0.51673460862602,59,174,0.999913464864144,0.937914216570893,2.02075146939393,-2.35603809643447,1.08448078474113,-1.64335443785468,0.435310511826179,-0.0477672369526712,-0.512030801561715,0.456154092143291,-0.364741906195825,1.10972103164816,0.115528365386728,0.367464508111494,0.425916006734667,-0.921387303755801,-0.681044034378088,0.0340049296077846,0.838825540164469,0.781125571736388,-0.568900106743199,-0.109176198220482,0.562360967913019,-0.0319809164019479,-0.342958722587077,-0.555561136151873,0.257684154070381,-0.274319858821605,-0.239898318282425,-0.31415477168201,-0.10522412775395,0.270934801059193,0.00446992226589703,-0.0516778487284361,-0.0567907024828231,0.0610393822191557,-0.071894614990527,-0.00484862553860052,0.0423343005993932,0.0125980077326045,-0.000838050484262162,0.0009117643672014,-2.59371622161565e-09
"33","Pumpkin","Retail","Dambulla",0.982937592462904,0.212937426905405,2,5,0.00126888559930001,1553.11079937908,-130.892944171366,0.118567686242298,0.169988027713889,0.978995181593945,8.78854418950561,-0.255758770493482,0.0733004428590378,-0.602839907311023,0.391003847181633,0.92449792778105,1.02837792627496,0.0776082305536473,0.758860839132022,0.0220928371610668,0,0.255289453910334,0,0,0.0714890501337047,11.818774242996,0.01,-4.65432080664705,0.01,1,0,3297.00458560951,0,3299.8807163908,0,0.00334039556296009,0.969119978633685,83.5714285714286,2739,2186.51904761905,2735,16.5767197920117,2738,0.561974371483438,185,125,0.999913464864144,0.902111857757471,-2.77805974788285,-3.06371360385399,-1.86032097878427,2.5996511114,0.964241108577073,0.995061241655063,-0.637410653574815,0.763503324070838,1.08919480298704,-0.0122640361777538,-0.267383687015073,-0.138988163445203,0.00410021535944735,-0.0425668537903551,-0.624321963038892,0.264533538628607,0.141663853394521,-0.130672570905,0.543085760922931,-0.354985754630004,-0.744249809788953,-0.395588681275522,0.0697288261312301,-0.675512156050179,-0.317991279904262,0.178362996286132,-0.234686399003322,-0.121141014664952,0.103759402580653,-0.0728448913014197,0.0750125774988492,-0.00235525703379381,-0.0361528217151663,0.00498152630308249,0.0160976384730949,0.000933192256664008,0.00693316984293635,-0.00866512973018898,-0.00998544174538197,-0.000904220115244153,7.95971174939232e-11
"34","Pumpkin","Retail","Pettah",0.993491111635698,0.183675647948345,4,2,0.00044520509039836,2136.8494560319,-109.525494860961,0.353555233685116,0.307880079458932,0.99297089452249,9.04416569296878,0.0698780677934091,0.0188549299260765,-0.506263427625042,0.273495608333222,0.936006791848098,0.997778859707819,0.0161940202644819,0.490651645874999,-0.0477912805250146,0,0.236015845933922,0,0,0.298630306885917,15.6738691739133,0.01,-3.90060858043389,0.01,1,0,3391.80971894865,0,3394.76855266684,0,0.00182803072084316,0.985852988186609,117.142857142857,2752,3510.58941428571,2748,19.6635137560143,2760,0.538827011902093,75,133,0.999913464864144,0.968072639876893,2.09867647837952,-1.68423423686648,0.573870410140566,-0.236093456774428,-0.86039687851216,0.971432152408219,-0.51078723790092,0.682849792957327,-1.24589837949751,2.21158201251346,0.582123977874264,-0.454674939092671,0.521257580975722,-0.771673076081257,-0.246473121887477,0.248958474114567,-0.0984323844845933,0.459509741737494,0.0343703808475639,0.0704564824327317,0.325758808180197,0.422212766165591,0.0843491951295818,-0.150864894263783,-0.030114973114055,0.0275654942350231,-0.187685093496348,0.26015588773165,0.0197991074310133,-0.016081521086824,-0.061558415951265,0.00343474713705415,0.0190966939194655,0.056674123360895,0.0794267968270808,0.0245994497083531,-0.0314587208792371,0.0111563152117294,-0.00440772540283825,0.00837603171445033,1.05884716903708e-08
"35","Pumpkin","Wholesale","Dambulla",0.981428381108986,0.210136701968704,2,5,0.00126254433647074,1095.03100894229,-51.00867399215,0.118632864242624,0.169737172666585,0.977230205559293,8.67783034121147,-0.255188414529053,0.0736605066281583,-0.604000867861598,0.394100567646434,0.917208803865828,1.02424234080399,0.0770903323817164,0.758407056348551,0.0203065641800474,0,0.37867664086811,0,0,0.302896092138217,6.86650067458714,0.01,-4.94222155006109,0.01,1,0,3285.12732882166,0,3287.99309851822,0,0.00391775739633096,0.966103720451087,83.5714285714286,2739,2186.51904761905,2735,18.3601692853776,2738,0.575417127299052,147,125,0.999913464864144,0.894541857212618,-3.02139122910768,-2.85884454326611,-2.07846545335178,2.32982410797087,0.818506536672965,1.10689147526215,-1.08758525463663,0.840558162059579,1.17422633824674,0.167197795290268,-0.0504294922937791,-0.104969406216682,0.725402462312014,-0.550147312505485,-0.788065357781788,0.614847240496239,0.357217375873466,-0.426338223269883,0.25898529800875,-0.688531372711126,-0.507033746443051,-0.738123753058892,0.0595056770528449,0.125210884983228,0.0523823967873182,0.210975520810868,0.0486447047964078,-0.240541835297429,0.0118262391439373,0.027682108724479,0.0116033485957863,-0.0285503936175673,0.00736854299787658,0.0276962557982793,0.0665185193364354,0.0373636520773187,0.0086466507149335,-0.0101736415891075,0.0029525649437675,0.00318287663159496,-3.24289209800889e-08
"36","Pumpkin","Wholesale","Pettah",0.992933260169339,0.171651137680028,4,4,0.000645704803407755,1530.2706919119,-151.116452579262,0.350360753536483,0.322489377481309,0.992577058116829,8.96094633701295,0.0590918970407659,0.0248483306431845,-0.524088046205425,0.295942081142141,0.930292024270646,1.00139177946038,0.0192187827069578,0.504645455955376,-0.0520547440651441,0,0.350871540194717,0,0,0.0871325382503856,10.5807993184016,0.01,-4.25217152767173,0.01,1,0,3389.11970407151,0,3392.07619116433,0,0.00200849534822656,0.982860569776496,107.618571428571,2751,3007.91428571429,2748,24.5471053477307,2760,0.547404164087074,63,134,0.999913464864144,0.971277450683357,1.48206857252346,-1.40174151752877,0.560596493059907,0.342104146357265,-0.853383022052603,1.26255352695312,-0.677098414989707,1.75514843737852,-0.927063664766595,2.29059947991891,0.316242604543538,0.324348162525803,0.508819136905768,-0.323900393050748,-0.119095185670435,0.196784450389263,-0.681610228335172,0.672700648811115,-0.00128017389327143,-0.445776995295222,0.347008664153573,-0.144516410912936,-0.102551330742902,0.132576530089311,-0.0377781916067167,0.251931342532539,0.0552274809814806,0.223950879538477,0.0477078667500147,-0.00828773943759664,0.0295578787142731,0.00372987027687024,0.0098506832987417,-0.0750912956354313,0.0693448672539454,-0.0149380799630287,-0.0229237160575877,0.00676329382255917,-0.00139391490225603,-0.00639485297306986,-6.25529528549126e-08
"37","Snake gourd","Retail","Dambulla",0.97678468036144,0.220337487758697,1,2,0.0197844119196682,2994.60258061801,208.69216267511,0.0555739390904368,0.142035025398007,0.970501594731343,8.44460816296773,-0.272698141852254,0.0795074822429411,-0.58742394164089,0.353782208839661,0.903077149930247,1.02411867892105,0.103645516785118,0.808096158227828,-0.0263972358470823,0,0.260560748681926,0,0,-0.0513362989285495,19.3665135488209,0.01,-5.18823721104694,0.01,1,0,3239.10243474834,0,3241.92887666347,0,0.0089965644187401,0.966053885584838,126.428571428571,3411,5316.92750952381,2692,28.0542720824298,3410,0.556371825569457,181,96,0.999859983208964,0.852898854816853,-4.56094366964852,-2.80444159100364,-1.77211599503646,2.34903777418553,0.623355879963641,1.78387170141109,0.772426087524252,-1.53931983610934,1.4504943747733,1.03528181102731,-0.00215241903718907,-1.31931060084855,-0.798572673342822,-0.5977241404187,0.532702554429137,-0.37243420929017,-0.125834038145247,0.11095440111292,0.0161943715811128,0.230617012656098,0.103899078247798,0.361549175598511,0.0981898036145212,-0.50480619243894,0.124111934043322,-0.14026532648252,-0.0204511941038255,0.0907115682876828,-0.0705841651109164,-0.0840865470915276,0.0294920509834435,0.0269493083226702,0.0165106308046069,-0.00507621978053546,-0.0793199013860876,-0.013313046960871,-0.0582849004527894,-0.00241864395780263,0.0092065489380099,0.0024809841248883,-5.06699970560501e-08
"38","Snake gourd","Retail","Pettah",0.991475611960567,0.214113842238806,0,4,0.00476479041086162,4336.95141032959,363.30716085327,0.382287777376042,0.384583359562197,0.98950012171981,8.85170905426817,0.0721996210019451,0.013177882428596,-0.452122594527702,0.207557863007334,0.925269026043266,0.985561515018357,0.0114217506991427,0.479638606061411,-0.0442855188716611,0,0.263245312970388,0,0,-0.0229765152786357,22.3113116171185,0.01,-2.98547065472887,0.0414336686724973,1,0,3367.16097814842,0,3370.09916399323,0,0.00311605647641005,1.00263660593567,160,3217,5648.12963333333,3213,16.9966317588785,3214,0.484863601649612,61,151,0.999913464864144,0.964323950191555,2.19402224167434,-1.42076341436691,2.49352644543983,-1.72355972776538,-0.192060021556851,1.46784458837922,1.83281668011944,-0.186314686253069,0.284035718801794,1.33364949406011,-1.51372787617763,-0.125633017793935,-0.197589504447372,0.0230488247415306,0.423443310320453,-0.483331937931547,-0.415030282541798,0.369239610165936,0.411149721842342,-0.184729509466933,-0.176836202896142,0.221984723398595,0.453763745738663,0.121768749537925,-0.0480284333885659,-0.222283876253185,0.114255056906151,-0.133853644003332,-0.0836160167613456,0.0603362593358955,0.0523913149437839,0.051911170702399,0.0363417538029221,-0.0146875173377293,0.0133595007572894,0.0652904011522076,0.0119715144171925,0.00353162028872546,-0.0217716846144479,0.00865148352690366,-3.43592307360657e-08
"39","Snake gourd","Wholesale","Dambulla",0.974113633701673,0.229595009074301,1,2,0.020247619052804,2402.48023313979,391.173651050725,0.0490672382925334,0.133278822441205,0.96680130330017,8.27188621471045,-0.275793718455031,0.0817520301617419,-0.590918503370628,0.360124675594988,0.89234428991418,1.01750141360834,0.105014528276598,0.814711007748589,-0.0241231777098635,0,0.323638667218588,0,0,0.122602413498098,13.9041232146761,0.01,-5.65450804708233,0.01,1,0,3214.44966985634,0,3217.25459976023,0,0.0111478675807192,0.96063077704568,126.428571428571,3411,5316.92750952381,2692,30.1288695454289,3410,0.576825006546099,141,96,0.999859983208964,0.845288954481784,-5.23926466344445,-2.63175157479525,-1.98512136020163,2.02086695823788,0.719340734098866,1.70472172836575,0.400082263291237,-1.51903838069553,1.46951621191106,1.21376338950868,0.311695696474797,-1.34661200876882,-0.186997094098623,-1.13798985522592,0.382077314092658,0.0759059555913876,-0.0925579521723851,-0.151733229071527,-0.193829280308381,-0.232038804754149,0.137737231829297,-0.112337412824599,0.0432171186976973,0.314638002892876,0.401617544958897,-0.0962057911107521,0.178128448396928,0.0906714924049388,-0.173045795513499,-0.0569199233946452,-0.0670424971610174,-0.0855745635252749,0.0742864487086074,-0.0189262076263177,-0.0346102116087151,-0.0271441438205315,0.0260351803834988,0.0141093165723643,-0.00775209702989969,-0.00749972841101879,6.94228758375788e-08
"40","Snake gourd","Wholesale","Pettah",0.990696096804203,0.215480576589108,2,4,0.0033678955875678,3586.3792844006,596.39728968994,0.40989742359922,0.401916683292826,0.988526702519643,8.65881506163432,0.109060952131732,0.0172235009578217,-0.436179108744288,0.195895996166274,0.911667359318201,0.98674835207339,0.0162102726229864,0.451719079900703,-0.0378818907492577,0,0.325206324092564,0,0,-0.00524853172134729,19.3171814269666,0.01,-3.33716067756263,0.0168550123706996,1,0,3360.539358043,0,3363.47176585979,0,0.00382174857721166,1.00310898497904,160,3217,5648.12963333333,3213,21.6584892455885,3214,0.51553991935838,91,126,0.999913464864144,0.966007084263534,1.60316027113355,-0.918670672434617,2.75054740903572,-1.370461395469,-0.141125652177916,1.56779078680479,1.12971738096487,0.220612035726463,-0.562564905020246,1.61183544563996,-0.562900414285473,-0.235662398351916,0.204903971637632,0.537915641475471,0.482862213882964,0.0780801970635097,-0.0637648112759442,0.54558644851808,0.619891746134593,-0.0216360139441785,-0.142284694952594,0.306938649869625,0.660216726307257,0.0137536675977219,-0.258021408630698,-0.196482333581518,0.204572551177222,-0.389694379956974,0.161487184859689,-0.0655799868840575,-0.142245301209757,-0.0503437587567739,-0.0586458865054071,-0.0544472467952503,0.00824851829687076,-0.0196518216502049,0.0251352854906645,-0.0155545439639459,0.0242006403317228,-0.00646928487665484,3.62481630949625e-08
"41","Tomato","Retail","Dambulla",0.985623026233593,0.174304432251346,2,5,0.0715695410526602,3875.15332557317,166.564164415016,0.386750790197436,0.396312683144685,0.98559290431768,8.2487619710808,0.0332461319332678,0.0182262175312771,-0.540274585618476,0.306447803670223,0.878685461663843,0.987442235471909,0.0149885811816484,0.485779821532158,-0.0037911072083467,0,0.584245986751096,0,0,-0.0639937001418823,11.0840019781331,0.01,-5.26269209871276,0.01,1,0,3341.59320326228,0,3344.50823077312,0,0.0098098706737779,0.969657014523857,270,2115,22836.2248714286,3170,98.463954721368,2761,0.596747661405107,193,150,0.999913464864144,0.934066082972633,-1.69670720631209,-0.127328196793022,1.89637724891448,-0.070226186895761,-1.60157865756396,0.989327075665003,-1.30921550474838,1.9871502034426,-0.375188827218382,-0.810467743834463,-0.152515904456545,0.670515764836675,-0.0373481871606419,-0.0863253457838329,0.68441126953913,-0.345265946283791,-0.426766173845114,-0.58526424977628,-0.0782715348425191,0.0762596076858241,-0.0829148578089287,0.46070668904396,-0.0996325244612463,-0.588935461748203,-0.0463169619065815,-0.146118646975482,0.0308762335267354,0.0387201957387389,-0.00772441673980435,-0.189351918231016,0.0824077085219595,0.0104332968472163,-0.0045847505673637,0.020498526633494,-0.00620179182445457,-0.0284269291068179,-0.00748548386756254,-0.00896801350205165,-0.00198724527135285,0.00741823139860321,3.56276743356954e-08
"42","Tomato","Retail","Pettah",0.99007911997357,0.185008652126883,1,5,0.053146467648192,5097.79101221808,-88.9478527665084,0.514674114582532,0.643559545470702,0.990736018885451,8.50659613041184,0.238000170960424,0.0740746153419065,-0.42531772536763,0.184905353764038,0.897074696478817,1.0441345309742,0.0634888381162135,0.350710238958586,0.000226559799457517,0,0.55472093617416,0,0,-0.071315335903469,12.4399335263462,0.01,-4.74516039608203,0.01,1,0,3376.55903536246,0,3379.50456519848,0,0.00566293157504998,0.980108100733838,323.571428571429,2158,24633.3333333333,2162,87.7219768006883,2157,0.572673547359209,95,200,0.999913464864144,0.965374870279312,1.34502843200468,2.83588787410339,2.82947873078096,0.930855403077346,1.1899297966276,1.73859059015601,-1.29669641968809,0.12255000364458,0.852680675102746,-0.421834533202601,0.308378076629535,0.883695447548014,-0.856343036829085,0.216250916012796,0.530281918472072,-0.141734747695668,-0.200910171354265,-0.0854583884509619,-0.594383798031611,0.0680300360309572,0.0997008379307349,-0.275837726607506,0.289505808366656,0.152903000741192,-0.173687670934944,-0.218290658118114,-0.225143387385762,-0.0924165221623923,-0.16213032713974,0.101981165790001,0.125258616059416,0.0116662230541551,-0.00615590743944701,0.0156532397293629,0.033935490200603,-0.0413620962656052,0.00570888340783477,0.0147062838192835,0.00828665183916288,-0.00457711687338762,-1.12433582406924e-08
"43","Tomato","Wholesale","Dambulla",0.984786356426967,0.174207603033475,2,5,0.0714986261001012,3375.17825671729,301.778997263562,0.386975408228869,0.398325994309665,0.984747536048164,8.16077733434824,0.0324781985818115,0.0183603720939222,-0.540526011682905,0.306935611377289,0.872120106503806,0.985845849019078,0.0149274049939659,0.48544860529425,-0.0030012073023429,0,0.735992516059498,0,0,0.105228706799236,8.95391178571425,0.01,-5.43857075928739,0.01,1,0,3335.86332155008,0,3338.77335061802,0,0.0107249035032517,0.967731430876038,268.571428571429,2115,22836.2248714286,3170,112.009110701722,2761,0.602858205560359,157,150,0.999913464864144,0.932443041250876,-1.80687251740817,0.0981492823908533,1.84317222829256,-0.187880386632329,-1.76020110869044,1.01620971725675,-1.55861487935116,2.09049578124074,-0.244429395026651,-0.699913610486388,-0.0667896440463008,0.719291429118695,0.440402083561352,-0.454077177220789,0.661956776305207,0.162709114509169,-0.149810434082732,-0.835762035248166,-0.413248217601511,-0.244217317758198,0.238721785451736,0.199254383241169,-0.186670183559681,0.0305456478508161,0.319731370460724,-0.306867786213398,0.261560478659356,-0.0720757289397204,0.0836688350673535,-0.242876201586003,0.0161749381469782,0.0102235237640784,0.0494470520647954,0.0698340860285581,0.0325150144277663,-0.00102096921629715,0.0495207457021839,0.00192447755264644,0.00504009664379196,-0.00233983989177957,-7.63699748661558e-08
"44","Tomato","Wholesale","Pettah",0.98949810517329,0.186272376198089,1,5,0.0534599633175424,4417.36191133269,177.512341433044,0.515158335384057,0.610000208539068,0.990459738980631,8.44371658731554,0.244229834142279,0.0754988904849084,-0.416992547104034,0.178875181395421,0.892652468989249,1.04666308435047,0.0648232440016428,0.347422971633619,-0.00797141942583361,0,0.750951971164625,0,0,-0.0279108634532341,10.6153780471591,0.01,-4.97198240485017,0.01,1,0,3374.67610122303,0,3377.61998848784,0,0.00617575059895363,0.977335487256515,323.571428571429,2158,24633.3333333333,2162,107.348694384851,2157,0.578401557865574,129,156,0.999913464864144,0.965980267219353,0.87057215371135,3.15047794741609,2.94193743707324,1.04392054548945,0.911369981991615,2.00405565912373,-1.69717106720075,0.612452543058099,1.14469438120489,-0.282672127109747,0.321624816964111,0.632741689472223,-0.718846077863873,0.273559424177684,1.08601433136103,0.364540018712362,0.226324795382834,-0.421908819381143,-0.408736891753241,0.229270445883868,0.378697190817395,-0.24533240466237,0.0946536407292675,0.029200710851175,-0.00382970016566178,-0.14862291194853,-0.0714128528113901,-0.0773397733366777,-0.0402443791115743,0.119570937395535,-0.00153977360556899,0.0337416881847063,-0.0283392176664356,-0.0054266725902493,0.0488747505970169,0.0638158001165374,-0.0559824467919131,-0.0198698871787743,-0.0120985578613418,-0.00761398050593088,1.02138385535032e-07
"45","Potato (Local)","Retail","Dambulla",0.987240563144964,0.246735759681469,2,5,0.0093438388184273,3559.70653205866,69.6493166753862,0.209621615517392,0.219072162107246,0.985854860933948,9.16302103934907,-0.145604573567304,0.0396453446703288,-0.540149764635265,0.298647031244115,0.949701841849268,1.01682667659724,0.0573266554382443,0.649812196796056,0.02539599969993,0,0.158378866900703,0,0,0.146709745984056,22.9520345547653,0.01,-3.47350647988252,0.01,1,0,3343.36973548521,0,3346.28631274791,0,0.00497676222388437,0.977569855293984,110.591428571429,2180,7008.32546666667,2177,13.4099600734821,2178,0.427106710827231,87,86,0.999859983208964,0.902519894089639,0.22029008358682,-2.61267507441506,-1.20895545549513,0.163873244202133,1.67788842974968,-0.463425098659573,0.687270330942912,-0.190985799883717,1.14564553824259,-0.409759872610529,-0.164685607199618,0.0222183609144931,-1.00863402816197,0.880696814289199,-1.11207718649001,0.691946566202732,0.0247661801130887,0.480001511590746,-0.219114521311112,0.119757057249271,0.443580745293505,0.588140054964601,-0.101133395840767,0.0771078400654867,-0.0297286957478909,0.0662376763175262,0.116140888436961,-0.0479090723610041,0.167922709362481,-0.0219068049237897,0.147129001562547,0.028123651098815,0.0411625236265201,0.0532918096851468,0.0544955949744472,-0.0241046668773504,-0.0236393927991062,-0.0136096048832812,0.00997535346804637,-0.0036803139002592,2.41668335671871e-08
"46","Potato (Local)","Retail","Pettah",0.995588437939135,0.218527287062246,5,1,0.00302213656883885,5031.67079636465,633.330272770663,0.40025871553245,0.415847588171832,0.99551216696444,9.53521484674222,0.0715775751360285,0.0168465736390467,-0.449676185510625,0.205152739053543,0.970374049087822,1.00276284495078,0.0146849252914716,0.463381142840851,0.0131352547243894,0,0.171701642583742,0,0,0.652077774168517,26.1693455741069,0.01,-2.42133892254743,0.1,1,0,3409.19299253537,0,3412.16699049338,0,0.00074426042636022,0.992316767232443,87.8242857142857,1333,3624.29992857143,422,6.00896751026853,2621,0.392906155862137,35,200,0.999954177318763,0.954779373348084,5.92984331743903,-1.5946902270409,-0.218700705021217,-1.28830013010251,-0.414685553625951,-1.49035181781718,0.816310178015602,-1.4539292062824,0.400067674763291,-0.74111473940058,2.54486143440406,-1.25772198065829,0.937806400477228,0.346080055699935,0.574815095356493,0.486559203395692,0.557148415957433,-0.257751371581422,-0.00162184225023143,-0.328433804272936,0.293568147269981,0.210976932065642,0.117228831973398,-0.100841452461757,0.0456591021043583,-0.121246606808303,-0.36535949977893,-0.0235555634322424,-0.105715809136154,-0.0895728380433063,0.0866834406080879,-0.0391230003604968,0.0764286347777243,-0.108235034603086,0.0522234216410305,0.0230401700970826,0.0256525927268337,-0.021027017545649,0.00255359778129866,-0.00136748219715609,-1.38966641234832e-08
"47","Potato (Local)","Wholesale","Dambulla",0.986330613344457,0.248478375387245,2,5,0.00932580086779182,3405.06302753542,-67.2014015725419,0.21464407781379,0.219791167369163,0.984855969770032,9.08958189028907,-0.139769130939424,0.0381950960699276,-0.538181105089451,0.29669396149441,0.945046997695512,1.01253531528312,0.054261356488494,0.644621742451547,0.0230162740214056,0,0.170989180813949,0,0,0.134706963410442,22.6539594044259,0.01,-3.67338347861234,0.01,1,0,3336.59800729934,0,3339.50867726791,0,0.00580537609002482,0.975638010345605,110.591428571429,2180,7008.32546666667,2177,14.6707031217243,2178,0.439733203705988,81,52,0.999859983208964,0.900830760083712,-0.00930293945944408,-2.534534840699,-1.16878837214475,-0.0808013139643643,1.6656127723081,-0.418724059621631,0.554511548927231,-0.0891829334154472,1.03385062726293,-0.321870861708845,-0.095440107592507,-0.0197421143034178,-1.01354189060093,0.799699022076992,-1.07724295969509,0.644361017462979,-0.129714042596811,0.484464409654268,-0.279869087392895,0.0729317009078177,0.475296403577815,0.401759434700226,-0.161727694816381,0.0987769975674416,0.100360154259505,-0.0571930684933945,0.117356796396105,-0.0415809241170281,0.184126131741291,-0.0586151310145356,0.110869388655631,0.0567570430517874,0.0291398367343391,0.0346152498789615,0.0163372018798075,0.0270707954014506,0.0235099108698622,-0.000954216757124134,-0.00130198391721254,-0.000993705190321676,-2.63952143106805e-10
"48","Potato (Local)","Wholesale","Pettah",0.997007597336358,0.210463586825161,2,5,0.000491813792994438,4496.41530969205,178.277780217098,0.349218139202711,0.309765256281524,0.99652838581779,9.5905641103672,0.0139415363215531,0.00801713802736423,-0.522455376938961,0.281769767915407,0.973370053208793,0.996606908129966,0.00513471479587044,0.513483723577463,0.0189761258690066,0,0.18979909712243,0,0,0.315539801781474,25.3799115650863,0.01,-2.35197711670024,0.1,1,0,3416.1567536677,0,3419.13682643914,0,0.000295369055126082,0.994475637510316,107.738571428571,1610,2446.99047619048,3405,5.4124943605312,2851,0.415324262312519,23,127,0.999954177318763,0.969256212921108,4.54467750072831,-2.92366483922374,0.619476158512117,-0.955794543551162,-0.519380147780722,-0.379178748820524,1.76395716906025,0.558354281230674,0.867133539612855,-1.01506567399117,-0.824028922000673,0.210313093579415,0.913958656355724,0.321283071040887,-0.983064102706093,0.613509928304001,-1.1805245376819,-0.670825539525682,-0.127714210842332,-0.0784013098044224,-0.517822215239079,-0.0652421185684473,0.0414893476432915,-0.030920559454148,0.0914937822911358,-0.350061120572788,-0.472618033049948,0.0539524439311078,-0.013975105169276,-0.0143487514243497,-0.169344149869036,0.110778097878171,0.0690167200889798,-0.0374916268791394,-0.0111909854024892,-0.00437072422229948,-0.0185880873434728,0.0354140824983259,0.00866243075091386,-0.00355610752007337,2.76557491991774e-08
"49","Big Onion (Local)","Retail","Dambulla",0.995842966678787,0.184024876819758,1,4,0.0199953960742268,4197.19716564169,-125.35468169738,0.331521202393462,0.293005061711823,0.996359056238236,9.67032796270341,0.0182254369836156,0.00965902249898182,-0.508555518649054,0.272288053381244,0.979304378332479,1.00211120568132,0.00594018311190847,0.483861564690282,-0.0430976889573967,2,0.277621153663882,0,0,0.339692359808396,20.4822895227299,0.01,-2.63143745589271,0.0891801593827402,1,0,3414.99590918094,0,3417.97496929363,0,0.00302665526094449,0.993794463096194,213.428571428571,2,11711.3,6,23.4788677622167,3,0.426463354456984,38,252,0.999954177318763,0.990812926299532,6.04722467703196,-1.0190616539305,-1.59919936513028,-2.01842006163463,-0.842917629319181,-1.44784927764876,-1.25546170222998,1.04029870075495,2.95027059408534,-0.594692899890927,0.842158064213601,1.54533729814615,-2.06023232286368,-1.37803421658205,0.523410348351863,0.0706288276336523,-0.381209071095025,0.410292674006258,0.854616820151816,-0.198358850960407,-0.0580655855452261,0.247175390798305,-0.0945686033547823,0.0677192829946975,-0.196695613564592,0.251332877673197,0.019673424296249,0.0827368031968088,-0.040765381412712,0.0179134705829041,-0.244769137103594,0.000322403767098909,0.0128353569197095,0.025792129042458,-0.0523353408279204,0.0151373348476052,0.0227763533065044,-0.0054039575954147,-0.00220958316272429,-0.00204101143856037,-1.15098670848914e-08
"50","Big Onion (Local)","Retail","Pettah",0.998228942105191,0.177615297098,1,5,0.000809116045400125,3539.7816515061,-277.046639457934,0.464319315202476,0.559599233185317,0.9984777797511,9.81202947528639,0.169565993140121,0.042506314203157,-0.38356920881078,0.171754369769001,0.987981978943445,1.02955227783858,0.039809848692841,0.392363465977885,0.00289196939060098,2,0.17895737415237,0,0,0.497183026614867,22.0783319352902,0.01,-1.66108830307189,0.1,1,0,3429.535095699,0,3432.5268390218,0,0.000638835276307069,0.996612054420114,105.951428571429,1155,4248.0963,1152,10.814793418559,3413,0.333397770118553,17,335,0.999954177318763,0.988834281125127,7.06601501358666,-0.550917636243119,1.19247396045903,-0.116389451801273,1.80237946594765,-0.651835197671339,0.878174268363809,-0.303138763644395,2.36187541462372,-0.205174262662439,-0.233492699000112,-0.259142575239728,2.08263171289912,0.604924293963202,0.653234234137857,-1.02227237747986,-0.264591080186853,-0.509645617034629,-0.216201883817375,-0.395731150456203,0.620817128848147,-0.0231030991177478,0.284357129710104,0.0950378753034524,-0.136858264124146,0.323886905920963,-0.0259570210234188,0.0875898516094269,0.22654107447162,-0.0577308134925965,0.0750843949495139,-0.11071192399611,-0.0680844596372581,0.102390105432971,-0.0693977041527199,-0.00542212092294306,-0.00882305231596192,0.014275645515988,-0.00505966442572487,0.00088458474663359,-7.6355089698041e-09
"51","Big Onion (Local)","Wholesale","Dambulla",0.997030044491219,0.171468663035313,4,4,0.00190920493299562,4211.48787977858,-255.990147275452,0.284126839506397,0.318039027351284,0.996840698888685,9.68888587861455,-0.044093458486551,0.0124888546200145,-0.513331156864358,0.272902360874389,0.980268542018622,0.996468755510713,0.00642331317435918,0.543122472933539,-0.046408830487745,2,0.323517890987653,0,0,0.319028744000175,20.5286931825009,0.01,-2.20197350365724,0.1,1,0,3418.29834362544,0,3421.28028460563,0,0.000596440539036408,0.995338459681249,135.238571428571,2688,4893.18142857143,2685,10.679881936014,2688,0.408435264878006,43,313,0.999954177318763,0.990092025203853,4.86678829009427,-2.48437345117896,-0.0885522709008099,0.00917543345419744,-2.26948290059945,-0.0445121865401136,1.47753440154246,0.462666008818036,0.649883616633412,1.12385114588027,-0.376862538288326,0.196014593245315,0.949948410928638,0.376981249317532,-0.245481976662023,-0.241307063306521,-0.211354467391667,0.270856546178776,0.401473836304611,0.453440434059858,-0.191844512978168,-0.568002728016508,-0.304353225607724,0.20794990674594,0.0554383944872648,0.0350913883398241,0.163195136000882,0.155645720239705,-0.419163503877445,-0.088256522902233,0.137828567934268,0.086630452738172,-0.0677353154866131,0.102574094687087,0.0112883764222888,-0.0168970888298191,0.00212799909446033,-0.0198327362019343,0.0116023662225823,-0.0021273534032739,6.67260356805187e-08
"52","Big Onion (Local)","Wholesale","Pettah",0.997718092964888,0.191307440905484,4,1,0.00116182131692792,3499.37295382024,-581.062318213476,0.461739696680593,0.558119847842897,0.99794404878679,9.73940955210452,0.143163105617685,0.0378180455898078,-0.449345406767025,0.214563192508715,0.983140208891393,1.02316693126666,0.0335252438541607,0.411602776407135,0.0419965844769763,2,0.220231615517485,0,0,0.346986664314348,20.8786951335571,0.01,-1.99067230545084,0.1,1,0,3425.86959631086,0,3428.85814204769,0,0.000899228300440007,0.995189925357659,116.665714285714,1155,4810.00106190476,1152,12.1990349576701,1154,0.352816476867341,19,284,0.999954177318763,0.991679109011069,7.1811812455472,-0.19846298035987,-0.655423647535838,0.270254497450179,1.02068654621793,-1.64465116401171,0.222516062224994,-0.256028633003983,-0.0480532201282247,-1.35710803000358,1.1503597197002,-0.37871987540032,-0.0752337020746538,-0.762164594220361,0.439969996161427,0.733895751155075,0.0272342297346052,0.353409917906358,0.263891039424853,0.680303883611903,-0.146267135212705,-0.612434895388869,0.196998214888303,-0.0248135142077078,-0.0316941856997557,-0.327676534533926,0.309676803256199,-0.126681595545002,-0.0442746452236064,-0.0240054260747817,0.0535689758244253,-0.0403306270297337,0.00521500487636234,-0.00353517203513389,0.0341150955278019,-0.0529785029111731,-0.0343904970238483,-0.00327170989832039,-0.0102822720955512,0.0114281974217564,-7.64880531697805e-08
"53","Red Onion (Imp)","Retail","Dambulla",0.988104405918658,0.207061330196303,3,2,0.0453274494048497,4262.82347230832,-1146.47705051915,0.20897378994042,0.206500898338784,0.986243223645002,8.99561199103963,-0.159034527514019,0.0321937015900426,-0.567382715183953,0.335436273185565,0.935284484484415,1.00040631657472,0.0334340587874561,0.656563045037786,-0.00128903012779825,103,0.183899727743296,0,0,0.586455362283654,15.2321154805653,0.01,-4.06036335517248,0.01,1,0,3346.00439487876,0,3348.92327047766,0,0.0040452652807003,0.976318545559106,182.382857142857,2030,9502.53542857143,2670,18.3700134712058,2137,0.493933713082165,103,260,0.999913464864144,0.931931767858636,0.759903490620606,-2.87390683453802,-2.22620629538199,0.0114815003817642,-1.13830450968432,-0.886822765689268,-3.47862397944402,-3.13869157527967,-0.856830563643968,0.357494510092992,-1.97081575319132,0.760649887273413,0.699044196787644,0.346796595888324,0.0459505788071055,0.828533181692217,-0.822823174145019,-0.179745635823169,0.0593723413926856,0.740353989186908,-0.308714839972725,0.228864641272214,-0.0507731025323494,0.248687706335742,0.0698504102324845,-0.11136958803787,-0.0577891301553841,-0.165434634128189,0.029411536314725,-0.00495067552804963,-0.00131035694624857,-0.115267012723331,0.0163332637873523,0.0346899282865149,-0.0457729921378175,-0.00712306135344253,-0.0195854823794993,-0.0113789878828096,-0.0137595299572679,-0.00394695208044811,-2.03059147387993e-08
"54","Red Onion (Imp)","Retail","Pettah",0.99551104252437,0.167190773684293,1,3,0.0091971952446258,5212.48728801679,-852.90602432161,0.466957891977363,0.473759639548681,0.995449309914073,9.2904500628474,0.180620739310311,0.0532539239821462,-0.461539475973546,0.221930186578837,0.952353117385259,1.02814271841828,0.0411500526398475,0.383480613483914,0.00187529439653037,4,0.180193305969003,0,0,0.554975207341124,17.5906567454678,0.01,-3.51737210463849,0.01,1,0,3408.76249041291,0,3411.73611282385,0,0.00331008078825528,0.987555368329492,250,2369,17760.4166666667,2366,55.7571022267808,2368,0.46118261506898,43,143,0.999954177318763,0.9772123767979,4.19038687544879,0.113901477741965,1.57352475961811,0.187913869277603,0.631854768558433,0.915792215120703,-1.27453256699496,-0.884676363704279,0.460107488067925,-0.043853568558958,-0.441485988337337,-0.353612381428123,0.199495800398415,-0.795738615095646,-1.2278483152045,-0.593276490406828,0.451205166877622,-0.193539980315896,-1.37733412630579,0.326453322786477,-0.15184972955923,0.259394148732411,0.0674414176978638,0.134183867222068,-0.176252676924237,0.199336317413965,0.0799668875492757,0.0446366379800372,-0.134982326651275,-0.145676976913253,-0.0841486197191281,0.0988272488171791,-0.0855695263914671,-0.106901316213397,-0.0239604852691539,-0.00142901422578981,0.0255699633142696,-0.0360114389120187,-0.00176547956568738,-0.000583731593076775,-5.6236428378731e-08
"55","Red Onion (Imp)","Wholesale","Dambulla",0.987224151186131,0.207246574358379,3,2,0.0483797129722778,4149.08886771013,-1313.85869213452,0.208047244146529,0.203024034743748,0.985666022691891,8.94619933934033,-0.15264712592783,0.0303786331734655,-0.563226354501556,0.331306669828966,0.931823500264467,0.997154897746535,0.0310947686189233,0.610582997714781,0.00703529938401145,103,0.205311215865163,0,0,0.559265838081381,14.9079844095802,0.01,-4.10980345506322,0.01,1,0,3342.08902851503,0,3345.00448855735,0,0.00432776634857347,0.97465818191147,182.382857142857,2030,9572.375,3,18.4259788603859,2137,0.501629359646191,117,233,0.999913464864144,0.92821039452885,0.990213575726063,-2.5056291203987,-2.86250839834715,-0.468077071393891,-0.850617266118528,-1.4201721548249,-4.29352274808106,-3.28782232210346,-0.52940010666887,-0.0178053168654755,-1.00115760499638,0.460242382962613,0.113435064354344,0.862697292118881,1.0655931126406,-0.0856215284347825,0.126165532807845,0.422924652782457,0.0367472874328716,-0.80936711872464,0.325954919034152,-0.251942769932491,0.00877431676638881,-0.284459184280504,-0.0608411073712625,0.090834154464344,0.0409612043540698,0.151408679128944,-0.0278977282961263,0.0187920299325332,0.00257984799042848,0.112359750600026,-0.00964845975154242,-0.036492233983516,0.0460791279006659,0.00822239564194076,0.0194418866177514,0.0118461511834857,0.0136621368470707,0.00381901982334561,2.11429668913746e-08
"56","Red Onion (Imp)","Wholesale","Pettah",0.994984242409493,0.199750109910435,2,1,0.0038174882400119,4170.89789096078,-1335.81629858792,0.429026642795388,0.413094226674291,0.994828082874079,9.29016780756363,0.127938555221724,0.0263199887472495,-0.47232710471599,0.230001540841976,0.952894549942962,1.01044312135076,0.0214824217683831,0.419807805560345,0.00272359565395303,3,0.21009268782765,0,0,0.613437867198593,13.661877622374,0.01,-3.4826267562224,0.01,1,0,3404.50922579371,0,3407.47913788367,0,0.00131286312956822,0.986907334240985,173.214285714286,1621,5825.84703333333,2141,16.9655959764126,1620,0.465988371886841,91,183,0.999954177318763,0.974003412201429,4.20846211719322,-0.502968542458698,0.0728270814726534,-0.876786764513153,0.484020366617667,0.00775689609985518,-1.91166773572618,-0.238293794764561,-0.69363622484775,-0.0063980812744574,0.27723968001748,-0.612698960307952,-0.345486293463284,-1.28547792304666,-0.814937932831489,-0.336842491891856,0.720760640533868,-0.837210736168368,-0.0300434309504679,1.00230858294394,-0.355504766502779,0.342919429601971,0.441177170667797,0.00403659270898938,0.189996458519311,0.328973005338904,0.0489152270344344,-0.0100381047308487,0.0831637684483117,0.0252432856772814,-0.0178172826347552,0.000757297421890253,-0.0242328392810278,0.0194846642642947,0.0560184391364949,0.00416735993307501,-0.00628800893482019,0.0387826589610806,0.0118941580983604,0.00144524337017107,4.8967937389592e-08
"57","Red Onion (Local)","Retail","Dambulla",0.979385300629903,0.217903692531744,3,5,0.0259785882142671,2917.04168092484,-1168.10340269706,0.182928778247032,0.203399644486853,0.976240324530576,8.61670661266619,-0.1825944506795,0.0417621900594035,-0.546028931334444,0.300837411632705,0.912605736005287,0.998859584790029,0.0557482822665699,0.68329374432694,0.0253019454369611,0,0.181562151296683,0,0,0.0314612191122275,10.5180511022143,0.01,-4.96222580068463,0.01,1,0,3278.4753890641,0,3281.33535596354,0,0.00559667593378929,0.961845776806811,170.857142857143,2027,9135.38095238095,2031,13.6937846727351,3105,0.532212714089949,156,128,0.999859983208964,0.864864584393052,-2.7319135584089,-2.07831605702624,-1.69154644925267,0.472571694510154,1.265129749118,-0.202708378314536,-0.624092692366202,0.587242023046561,0.105758044924265,-0.273028040731626,0.64507797594628,-0.314344753044358,0.195118316825419,1.02097327192635,-0.250508108608387,-1.42574663022506,-0.582039197889955,-0.138067342630938,-0.0702754114929315,0.124932708783322,0.110976958552628,-0.103696142361908,-0.106237444874915,0.0796365435132913,0.12566147681042,-0.168307627784269,-0.0215410772143027,-0.0701245639487482,-0.0182295477977062,0.247257534192003,-0.187377529110188,0.0651621900161473,-0.00601440345863294,0.0270664825199535,0.0167501539413074,-0.0121614101318046,-0.0374959548109021,-0.0198454705910765,0.00654540212901522,-0.0018493543377081,-8.92721055236427e-08
"58","Red Onion (Local)","Retail","Pettah",0.994684134068456,0.216581718804487,5,1,0.0732420385255595,4110.39254064686,-1438.39664862767,0.362620811141385,0.394737221334368,0.994311966332565,9.36136282738494,0.0500353551069381,0.0113375789827251,-0.479999638728641,0.242582592003623,0.958852730971592,0.995680537454029,0.00922170164093322,0.500111585444629,0.018112117589414,1,0.161620022839745,0,0,0.128196018080106,12.6064062523275,0.01,-3.33869758598016,0.0167475697371582,1,0,3400.97762518893,0,3403.94445649907,0,0.00541627488200611,0.987125870424984,224.167142857143,2028,23770.5129666667,429,40.0808842977193,2027,0.479791850237591,42,130,0.999954177318763,0.962093373938132,3.91224049933489,-0.539574711446356,-0.719824694542896,-0.556738678554194,-0.171393403747176,-1.27503421660513,-1.0497985248853,0.120227708148911,-1.85877611420041,0.280563058594198,1.37732551179409,-1.17288922225635,-1.24556640085204,0.406801763415038,-0.222832345269641,-0.82480402856458,0.383978485049089,0.405117676508657,-0.164399960279886,-0.938711189987673,-0.568717747622741,-0.283094639339502,-0.218943861923609,0.203805829014972,0.197817904393033,-0.302692838446472,0.00801564847549889,-0.100647346216792,0.149714514048799,-0.236070754258768,-0.0745920002329095,-0.00493300275114664,-0.0704236134968078,0.0460767879168166,-0.0334685327977569,-0.00995252677993363,-0.0506213450662331,0.0071887614526721,-0.00829396667694774,-0.00511074257748939,4.96398636420205e-08
"59","Red Onion (Local)","Wholesale","Dambulla",0.97889354316157,0.21445645764872,4,5,0.0322612906910637,2895.78550008433,-1471.87063209151,0.17606349650698,0.197962129394732,0.975588080523887,8.61059822653734,-0.195817317721664,0.0475843940670618,-0.554663641254589,0.313222957199316,0.912658448513657,1.00338739641227,0.0619671585693365,0.698150317570274,0.0167035525302902,0,0.214243493611168,0,0,0.0736813426819544,10.0914919408672,0.01,-4.99361188684758,0.01,1,0,3274.09603383937,0,3276.95218042312,0,0.00540528009940879,0.961522680156833,170.857142857143,2027,9154.8537,2031,13.1532574540418,3105,0.521029559518999,186,197,0.999859983208964,0.872453192260828,-2.82882330816187,-2.02925080607662,-2.0718032332411,1.03006364196604,0.919631314407335,-0.251421882479425,-0.823067635729714,0.604709347210036,0.0573175989974215,-0.044962134497565,0.932862861477571,-0.239081905593075,0.376124998520069,1.29372968515085,-0.296896556945774,-1.58144420252119,-0.379693677863539,-0.26694976558706,0.172458592277011,0.637572863062063,0.193517495361346,-0.194770755840985,0.0206148577744785,-0.133776322747243,-0.0286985860103486,-0.0941144633563653,0.18173153280901,0.0655119487033159,0.0849573445776365,0.0638026580807994,-0.14625257040203,-0.0232252997744722,0.0556774804694369,-0.0368421541638591,0.0513185954525066,-0.00017019239226307,0.0510186970432041,-0.00111083063138643,-0.0117085173525404,0.00516376898354109,4.91264762689921e-08
"60","Red Onion (Local)","Wholesale","Pettah",0.993419920800518,0.207433519398388,3,4,0.011181111255511,3395.72685479316,-1759.91874033813,0.40170873004452,0.450416764589548,0.993339471403617,9.22273742093114,0.0630690825669067,0.0173263880814753,-0.501419071481895,0.26176859125952,0.949533076304789,0.999956140780162,0.0149050677585324,0.487151001207029,0.0121584524694447,0,0.214100432497123,0,0,0.0823425798283895,9.53889907002294,0.01,-3.60997749748271,0.01,1,0,3394.32817074255,0,3397.28920142363,0,0.00220839026658658,0.984005309766132,166.785714285714,1622,7963.48783809524,1625,14.1262477418287,1621,0.49098920527234,91,136,0.999913464864144,0.967101227182313,2.88683783920401,-0.516017577482605,-0.466858306765355,-0.660763984699228,0.784805389909441,-0.428656078523227,-1.5569464477554,1.53839034411895,-1.00903208369195,-0.110576831130734,0.159511597277819,0.258209514958344,-1.03466378783493,0.323016719130262,-0.718823909774529,-0.886057198389444,-0.318872116476226,0.185444475468884,0.373923791201559,0.0899578682248827,-0.217467939507536,-0.240965044820485,0.292713789627616,0.04758818557891,0.0671206521469066,-0.0143008226466833,0.152827460558221,0.0934773602200882,-0.0714575919874219,0.0736247093860113,0.306045641656239,-0.0468071666502547,0.10635066540388,-0.0639343863319912,-0.0842975763939738,0.028366903778043,0.0101263053648247,0.0119562633208303,0.00865956460879284,-0.00264126770296903,2.97585800111342e-10
